{
  "project_info": {
    "project_number": "896015489948",
    "project_id": "pruebaresenalogin",
    "storage_bucket": "pruebaresenalogin.appspot.com"
  },
  "client": [
    {
      "client_info": {
        "mobilesdk_app_id": "1:896015489948:android:cffdcd9071493c9074c659",
        "android_client_info": {
          "package_name": "com.app.myapp"
        }
      },
      "oauth_client": [
        {
          "client_id": "896015489948-mg9gncsnu5tjo76oqn67asgrcnr2pdpt.apps.googleusercontent.com",
          "client_type": 3
        }
      ],
      "api_key": [
        {
          "current_key": "AIzaSyCapZRHSQR_JXj_toYHMyFBe1YKThM-uB4"
        }
      ],
      "services": {
        "appinvite_service": {
          "other_platform_oauth_client": [
            {
              "client_id": "896015489948-mg9gncsnu5tjo76oqn67asgrcnr2pdpt.apps.googleusercontent.com",
              "client_type": 3
            }
          ]
        }
      }
    }
  ],
  "configuration_version": "1"
}